{"schemaVersion":"1.0","appDefinitionTemplate":{"id":"/providers/Microsoft.PowerApps/apps/","type":"Microsoft.PowerApps/apps","tags":{"primaryDeviceWidth":"1366","primaryDeviceHeight":"768","supportsPortrait":"false","supportsLandscape":"true","primaryFormFactor":"Tablet","showStatusBar":"false","publisherVersion":"3.24104.14","minimumRequiredApiVersion":"2.2.0","hasComponent":"false","hasUnlockedComponent":"false","isUnifiedRootApp":"false","sienaVersion":"20241114T155406Z-3.24104.14.0"},"properties":{"appVersion":"2024-11-14T15:54:06Z","lifeCycleId":"Published","createdByClientVersion":{"major":3,"minor":24104,"build":14,"revision":0,"majorRevision":0,"minorRevision":0},"minClientVersion":{"major":3,"minor":24104,"build":14,"revision":0,"majorRevision":0,"minorRevision":0},"backgroundColor":"rgba(0, 176, 240, 1)","backgroundImageUri":"/827428601896213724/Ne5ebaf57-8695-46c8-95e4-6ebbbf45467c-logoSmallFile","displayName":"Digital Portali Tracker","description":"This is to track the effort spent on each ticket, task and reports managed by Digital Portali Team","commitMessage":"","appUris":{"documentUri":{"value":"/827428601896213724/Ndcc162cd-35f9-4904-90f9-6b9fc6e4c85f-document.msapp"},"imageUris":[],"additionalUris":[{"isSolutionAware":false,"value":"/827428601896213724/Ncc57abcb-08ed-4415-90e1-2880ae568372-identity.json"}]},"createdTime":"0001-01-01T00:00:00Z","lastModifiedTime":"0001-01-01T00:00:00Z","sharedGroupsCount":0,"sharedUsersCount":0,"connectionReferences":{"a84c8586-082d-46b7-a211-f9e6c9a5a223":{"id":"008945bf-b65c-48f3-9755-048a3146e5dd","displayName":"SharePoint","iconUri":"https://connectoricons-prod.azureedge.net/u/jayawan/releases/v1.0.1697/1.0.1697.3786/sharepointonline/icon.png","dataSources":["Digital Portali Tracker"],"dependencies":[],"dependents":[],"parameterHints":{},"parameterHintsV2":{},"isOnPremiseConnection":false,"bypassConsent":false,"dataSets":{"https://ts.accenture.com/sites/tim-ams.mnl":{"dataSources":{"Digital Portali Tracker":{"tableName":"b55fcdcb-9516-4371-8388-c3021b4f123c"}}}},"apiTier":"Standard","isCustomApiConnection":false,"actions":["providers/PowerPlatform.Governance/Operations/Read","providers/PowerPlatform.Governance/Operations/Write","providers/PowerPlatform.Governance/Operations/Delete"]}},"databaseReferences":{},"almMode":"Environment","performanceOptimizationEnabled":true,"canConsumeAppPass":true,"enableModernRuntimeMode":false,"executionRestrictions":{"isTeamsOnly":false,"dataLossPreventionEvaluationResult":{"status":"Compliant","lastEvaluationDate":"2024-07-24T07:32:46.0943329Z","violations":[],"violationsByPolicy":[],"violationErrorMessage":"The app uses the following connectors: ."}}},"appType":"ClassicCanvasApp","appComponents":[]}}